{"cameraMode":{"drawMode":0,"name":"Shaded","section":"Shading Mode"},"sceneLighting":false,"audioPlay":false,"sceneViewState":{"m_AlwaysRefresh":false,"showFog":true,"showSkybox":false,"showFlares":true,"showImageEffects":true,"showParticleSystems":true,"showVisualEffectGraphs":true,"m_FxEnabled":true},"in2DMode":false,"pivot":{"x":0.013363033533096314,"y":0.7728960514068604,"z":-0.016083985567092897},"rotation":{"x":-0.1812654435634613,"y":0.7046247124671936,"z":-0.1941087245941162,"w":-0.658007025718689},"size":0.9187781810760498,"orthographic":false}