{"cameraMode":{"drawMode":0,"name":"Shaded","section":"Shading Mode"},"sceneLighting":false,"audioPlay":false,"sceneViewState":{"m_AlwaysRefresh":false,"showFog":true,"showSkybox":false,"showFlares":true,"showImageEffects":true,"showParticleSystems":true,"showVisualEffectGraphs":true,"m_FxEnabled":true},"in2DMode":false,"pivot":{"x":636.958740234375,"y":45.802452087402347,"z":121.63492584228516},"rotation":{"x":0.19769568741321565,"y":-0.06845594942569733,"z":0.01384121086448431,"w":0.9777732491493225},"size":5.020938396453857,"orthographic":true}