{"cameraMode":{"drawMode":0,"name":"Shaded","section":"Shading Mode"},"sceneLighting":false,"audioPlay":false,"sceneViewState":{"m_AlwaysRefresh":false,"showFog":true,"showSkybox":false,"showFlares":true,"showImageEffects":true,"showParticleSystems":true,"showVisualEffectGraphs":true,"m_FxEnabled":true},"in2DMode":false,"pivot":{"x":636.4642333984375,"y":49.48050308227539,"z":124.6654052734375},"rotation":{"x":0.0011489031603559852,"y":0.9237607717514038,"z":-0.3829599916934967,"w":0.002771308645606041},"size":11.946921348571778,"orthographic":true}