{"cameraMode":{"drawMode":0,"name":"Shaded","section":"Shading Mode"},"sceneLighting":true,"audioPlay":false,"sceneViewState":{"m_AlwaysRefresh":false,"showFog":true,"showSkybox":true,"showFlares":true,"showImageEffects":true,"showParticleSystems":true,"showVisualEffectGraphs":true,"m_FxEnabled":true},"in2DMode":false,"pivot":{"x":649.8150024414063,"y":27.790142059326173,"z":446.1143493652344},"rotation":{"x":0.4169079661369324,"y":-0.11079934239387512,"z":0.051284920424222949,"w":0.9007136821746826},"size":441.23236083984377,"orthographic":true}