{"cameraMode":{"drawMode":0,"name":"Shaded","section":"Shading Mode"},"sceneLighting":true,"audioPlay":false,"sceneViewState":{"m_AlwaysRefresh":false,"showFog":true,"showSkybox":true,"showFlares":true,"showImageEffects":true,"showParticleSystems":true,"showVisualEffectGraphs":true,"m_FxEnabled":true},"in2DMode":false,"pivot":{"x":630.1795654296875,"y":48.242923736572269,"z":92.40562438964844},"rotation":{"x":0.47479185461997988,"y":0.14140036702156068,"z":-0.07759616523981095,"w":0.8651926517486572},"size":11.465058326721192,"orthographic":false}